pdb_id,structure_name,num_atoms,num_pockets,top_pocket_volume,top_pocket_druggability,top_pocket_residues,avg_druggability
11bg,A POTENTIAL ALLOSTERIC SUBSITE GENERATED BY DOMAIN SWAPPING IN BOVINE SEMINAL RIBONUCLEASE,2163,1,26872.59,0.7083,128,0.7083
1a27,HUMAN 17-BETA-HYDROXYSTEROID-DEHYDROGENASE TYPE 1 C-TERMINAL DELETION MUTANT COMPLEXED WITH ESTRADIOL AND NADP+,2406,1,42900.05,0.7028,209,0.7028
1a4u,ALCOHOL DEHYDROGENASE FROM DROSOPHILA LEBANONENSIS,4091,2,63976.92,0.7095,302,0.689
1a54,PHOSPHATE-BINDING PROTEIN MUTANT A197C LABELLED WITH A COUMARIN FLUOROPHORE AND BOUND TO DIHYDROGENPHOSPHATE ION,2786,2,24998.62,0.7133,110,0.7114
1a82,"DETHIOBIOTIN SYNTHETASE FROM ESCHERICHIA COLI, COMPLEX WITH SUBSTRATES ATP AND DIAMINOPELARGONIC ACID",1956,1,11641.81,0.7168,80,0.7168
1a8d,TETANUS TOXIN C FRAGMENT,4083,1,65360.67,0.6926,305,0.6926
1a95,XPRTASE FROM E. COLI COMPLEXED WITH MG:CPRPP AND GUANINE,4712,2,2007.7,0.7441,65,0.7252
1a96,XPRTASE FROM E. COLI WITH BOUND CPRPP AND XANTHINE,4703,2,1541.95,0.7482,27,0.7266
1abn,THE CRYSTAL STRUCTURE OF THE ALDOSE REDUCTASE NADPH BINARY COMPLEX,349,2,10847.67,0.554,107,0.5368
1ad1,DIHYDROPTEROATE SYNTHETASE (APO FORM) FROM STAPHYLOCOCCUS AUREUS,4395,2,7541.44,0.7089,80,0.7069
1ads,AN UNLIKELY SUGAR SUBSTRATE SITE IN THE 1.65 ANGSTROMS STRUCTURE OF THE HUMAN ALDOSE REDUCTASE HOLOENZYME IMPLICATED IN DIABETIC COMPLICATIONS,2665,2,4316.2,0.7348,80,0.7254
1ai2,"ISOCITRATE DEHYDROGENASE COMPLEXED WITH ISOCITRATE, NADP+, AND CALCIUM (FLASH-COOLED)",3562,2,46689.33,0.7029,205,0.7022
1ak1,FERROCHELATASE FROM BACILLUS SUBTILIS,2678,2,37402.17,0.6903,163,0.6676
1arl,CARBOXYPEPTIDASE A WITH ZN REMOVED,2616,1,41137.45,0.7032,185,0.7032
1art,X-RAY CRYSTALLOGRAPHIC STUDY OF PYRIDOXAL 5'-PHOSPHATE-TYPE ASPARTATE AMINOTRANSFERASES FROM ESCHERICHIA COLI IN OPEN AND CLOSED FORM,3226,1,57323.11,0.6989,280,0.6989
1awf,NOVEL COVALENT THROMBIN INHIBITOR FROM PLANT EXTRACT,2682,2,3403.27,0.72,80,0.7083
1ayl,PHOSPHOENOLPYRUVATE CARBOXYKINASE,6077,2,7165.97,0.7053,80,0.7031
1az1,ALRESTATIN BOUND TO C298A/W219Y MUTANT HUMAN ALDOSE REDUCTASE,2815,2,4637.25,0.7226,80,0.715
1b0i,ALPHA-AMYLASE FROM ALTEROMONAS HALOPLANCTIS,4518,2,43964.44,0.7068,195,0.7063
1b14,ALCOHOL DEHYDROGENASE FROM DROSOPHILA LEBANONENSIS BINARY COMPLEX WITH NAD+,4066,1,70454.39,0.7063,350,0.7063
1b15,ALCOHOL DEHYDROGENASE FROM DROSOPHILA LEBANONENSIS TERNARY COMPLEX WITH NAD-ACETONE,4150,1,69546.94,0.7087,337,0.7087
1b16,ALCOHOL DEHYDROGENASE FROM DROSOPHILA LEBANONENSIS TERNARY COMPLEX WITH NAD-3-PENTANONE,4511,2,9131.48,0.7275,80,0.7228
1b2l,ALCOHOL DEHYDROGENASE FROM DROSOPHILA LEBANONENSIS: TERNARY COMPLEX WITH NAD-CYCLOHEXANONE,2262,2,5822.72,0.7292,80,0.727
1b9z,BACILLUS CEREUS BETA-AMYLASE COMPLEXED WITH MALTOSE,4496,1,63601.45,0.694,286,0.694
1bav,CARBOXYPEPTIDASE A COMPLEXED WITH 2-BENZYL-3-IODO-PROPANOIC ACID (BIP),10371,2,87886.69,0.7193,381,0.7101
1bdo,STRUCTURE OF THE BIOTINYL DOMAIN OF ACETYL-COENZYME A CARBOXYLASE DETERMINED BY MAD PHASING,696,1,7379.44,0.6967,32,0.6967
1bfn,BETA-AMYLASE/BETA-CYCLODEXTRIN COMPLEX,4315,1,52450.88,0.7032,237,0.7032
1bhs,HUMAN ESTROGENIC 17BETA-HYDROXYSTEROID DEHYDROGENASE,2226,1,46921.36,0.6983,233,0.6983
1bio,HUMAN COMPLEMENT FACTOR D IN COMPLEX WITH ISATOIC ANHYDRIDE INHIBITOR,2013,2,19106.72,0.7066,87,0.7066
1bk2,A-SPECTRIN SH3 DOMAIN D48G MUTANT,510,1,11192.34,0.6378,80,0.6378
1bm7,HUMAN TRANSTHYRETIN (PREALBUMIN) COMPLEX WITH FLUFENAMIC ACID (2-[[3- (TRIFLUOROMETHYL)PHENYL]AMINO] BENZOIC ACID),1856,1,32745.09,0.6885,157,0.6885
1bs1,"DETHIOBIOTIN SYNTHETASE COMPLEXED WITH DETHIOBIOTIN, ADP , INORGANIC PHOSPHATE AND MAGNESIUM",1985,1,13984.48,0.7162,80,0.7162
1bx4,STRUCTURE OF HUMAN ADENOSINE KINASE AT 1.50 ANGSTROMS,3093,2,6043.78,0.7221,80,0.7121
1byb,CRYSTAL STRUCTURES OF SOYBEAN BETA-AMYLASE REACTED WITH BETA-MALTOSE AND MALTAL: ACTIVE SITE COMPONENTS AND THEIR APPARENT ROLE IN CATALYSIS,4307,1,53884.83,0.7013,256,0.7013
1byc,CRYSTAL STRUCTURES OF SOYBEAN BETA-AMYLASE REACTED WITH BETA-MALTOSE AND MALTAL: ACTIVE SITE COMPONENTS AND THEIR APPARENT ROLE IN CATALYSIS,4307,1,53152.03,0.7017,251,0.7017
1byd,CRYSTAL STRUCTURES OF SOYBEAN BETA-AMYLASE REACTED WITH BETA-MALTOSE AND MALTAL: ACTIVE SITE COMPONENTS AND THEIR APPARENT ROLE IN CATALYSIS,4305,2,62778.8,0.6923,307,0.6712
1byi,STRUCTURE OF APO-DETHIOBIOTIN SYNTHASE AT 0.97 ANGSTROMS RESOLUTION,2093,1,15287.06,0.7113,80,0.7113
1bzj,HUMAN PTP1B COMPLEXED WITH TPICOOH,3554,1,40607.58,0.6953,179,0.6953
1c2t,"NEW INSIGHTS INTO INHIBITOR DESIGN FROM THE CRYSTAL STRUCTURE AND NMR STUDIES OF E. COLI GAR TRANSFORMYLASE IN COMPLEX WITH BETA-GAR AND 10-FORMYL-5,8,10-TRIDEAZAFOLIC ACID.",3537,1,60601.92,0.6965,288,0.6965
1c39,STRUCTURE OF CATION-DEPENDENT MANNOSE 6-PHOSPHATE RECEPTOR BOUND TO PENTAMANNOSYL PHOSPHATE,2711,1,42919.03,0.6879,203,0.6879
1c3e,"NEW INSIGHTS INTO INHIBITOR DESIGN FROM THE CRYSTAL STRUCTURE AND NMR STUDIES OF E. COLI GAR TRANSFORMYLATE IN COMPLEX WITH BETA-GAR AND 10-FORMYL-5,8,10-TRIDEAZAFOLIC ACID.",3539,1,60617.11,0.6966,288,0.6966
1c3k,CRYSTAL STRUCTURE OF HELIANTHUS TUBEROSUS LECTIN,1189,1,20556.28,0.7073,99,0.7073
1c3n,CRYSTAL STRUCTURE OF HELIANTHUS TUBEROSUS LECTIN COMPLEXED TO MAN(1- 2)MAN,1188,1,21251.11,0.6895,108,0.6895
1c3v,DIHYDRODIPICOLINATE REDUCTASE FROM MYCOBACTERIUM TUBERCULOSIS COMPLEXED WITH NADPH AND PDC,3778,1,69736.78,0.7031,362,0.7031
1com,"THE MONOFUNCTIONAL CHORISMATE MUTASE FROM BACILLUS SUBTILIS: STRUCTURE DETERMINATION OF CHORISMATE MUTASE AND ITS COMPLEXES WITH A TRANSITION STATE ANALOG AND PREPHENATE, AND IMPLICATIONS ON THE MECHANISM OF ENZYMATIC REACTION",15125,2,20597.62,0.705,80,0.7044
1cq7,ASPARTATE AMINOTRANSFERASE (E.C. 2.6.1.1) COMPLEXED WITH C5-PYRIDOXAL- 5P-PHOSPHATE,3201,1,55743.61,0.699,268,0.699
1cq8,ASPARTATE AMINOTRANSFERASE (E.C. 2.6.1.1) COMPLEXED WITH C6-PYRIDOXAL- 5P-PHOSPHATE,3202,1,55903.08,0.6973,273,0.6973
1cuz,"CUTINASE, L81G, L182G MUTANT",2359,2,16809.61,0.7026,80,0.6991
1cw4,CRYSTAL STRUCTURE OF K230M ISOCITRATE DEHYDROGENASE IN COMPLEX WITH ALPHA-KETOGLUTARATE,3524,1,45449.86,0.7046,196,0.7046
1cwq,M INTERMEDIATE STRUCTURE OF THE WILD TYPE BACTERIORHODOPSIN IN COMBINATION WITH THE GROUND STATE STRUCTURE,2044,1,40955.2,0.7282,212,0.7282
1cws,HUMAN CDC25B CATALYTIC DOMAIN WITH TUNGSTATE,1660,1,28594.27,0.6843,129,0.6843
1cy1,COMPLEX OF E.COLI DNA TOPOISOMERASE I WITH 5'PTPTPT,4642,1,90482.06,0.6919,444,0.6919
1cy2,COMPLEX OF E.COLI DNA TOPOISOMERASE I WITH TPTPTP3',4631,1,89044.31,0.693,440,0.693
1cy7,COMPLEX OF E.COLI DNA TOPOISOMERASE I WITH 5'-THYMIDINE MONOPHOSPHATE,4680,1,98996.77,0.6884,495,0.6884
1cy8,COMPLEX OF E.COLI DNA TOPOISOMERASE I WITH 5'-THYMIDINE MONOPHOSPHATE AND 3'-THYMIDINE MONOPHOSPHATE,4799,1,98833.08,0.6852,490,0.6852
1d09,ASPARTATE TRANSCARBAMOYLASE COMPLEXED WITH N-PHOSPHONACETYL-L- ASPARTATE (PALA),7883,2,135487.69,0.6902,677,0.6749
1d7k,CRYSTAL STRUCTURE OF HUMAN ORNITHINE DECARBOXYLASE AT 2.1 ANGSTROMS RESOLUTION,6824,2,5356.97,0.7363,80,0.716
1dad,DETHIOBIOTIN SYNTHETASE COMPLEXED WITH ADP,1858,2,28282.08,0.7049,133,0.683
1daf,"DETHIOBIOTIN SYNTHETASE COMPLEXED WITH 7-(CARBOXYAMINO)-8-AMINO- NONANOIC ACID, ADP, AND CALCIUM",1892,2,21853.12,0.7083,98,0.7073
1dah,"DETHIOBIOTIN SYNTHETASE COMPLEXED WITH 7,8-DIAMINO-NONANOIC ACID, 5'- ADENOSYL-METHYLENE-TRIPHOSPHATE, AND MANGANESE",1879,2,2354.48,0.7064,80,0.7061
1dak,"DETHIOBIOTIN SYNTHETASE FROM ESCHERICHIA COLI, COMPLEX REACTION INTERMEDIATE ADP AND MIXED ANHYDRIDE",1962,1,16210.55,0.7178,80,0.7178
1dam,"DETHIOBIOTIN SYNTHETASE COMPLEXED WITH DETHIOBIOTIN, ADP, INORGANIC PHOSPHATE AND MAGNESIUM",1940,1,18650.25,0.7085,84,0.7085
1dap,C. GLUTAMICUM DAP DEHYDROGENASE IN COMPLEX WITH NADP+,5214,1,84499.03,0.6917,402,0.6917
1dbp,IDENTICAL MUTATIONS AT CORRESPONDING POSITIONS IN TWO HOMOLOGOUS PROTEINS WITH NON-IDENTICAL EFFECTS,2987,1,35196.61,0.6907,165,0.6907
1dc6,STRUCTURAL ANALYSIS OF GLYCERALDEHYDE 3-PHOSPHATE DEHYDROGENASE FROM ESCHERICHIA COLI: DIRECT EVIDENCE FOR SUBSTRATE BINDING AND COFACTOR- INDUCED CONFORMATIONAL CHANGES.,5321,1,86469.19,0.703,415,0.703
1dfp,FACTOR D INHIBITED BY DIISOPROPYL FLUOROPHOSPHATE,3706,2,45862.88,0.6951,209,0.6947
1dic,"STRUCTURE OF 3,4-DICHLOROISOCOUMARIN-INHIBITED FACTOR D",1839,2,23896.69,0.6965,112,0.6856
1diw,THE HC FRAGMENT OF TETANUS TOXIN COMPLEXED WITH GALACTOSE,3924,1,73929.38,0.69,360,0.69
1dkl,CRYSTAL STRUCTURE OF ESCHERICHIA COLI PHYTASE AT PH 4.5 (NO LIGAND BOUND),6508,2,117005.77,0.7009,576,0.6679
1dkp,CRYSTAL STRUCTURE OF PHYTATE COMPLEX OF ESCHERICHIA COLI PHYTASE AT PH 6.6. PHYTATE IS BOUND WITH ITS 3-PHOSPHATE IN THE ACTIVE SITE. HG2+ CATION ACTS AS AN INTERMOLECULAR BRIDGE,3452,1,64178.16,0.6903,331,0.6903
1dkq,CRYSTAL STRUCTURE OF PHYTATE COMPLEX ESCHERICHIA COLI PHYTASE AT PH 5.0. PHYTATE IS BOUND WITH ITS 3-PHOSPHATE IN THE ACTIVE SITE. HG2+ CATION ACTS AS AN INTERMOLECULAR BRIDGE,3408,1,60309.14,0.6928,310,0.6928
1dpj,THE STRUCTURE OF PROTEINASE A COMPLEXED WITH IA3 PEPTIDE INHIBITOR,3253,1,44429.77,0.7036,210,0.7036
1dq2,UNLOCKED METAL-FREE CONCANAVALIN A,3500,1,67667.91,0.6978,345,0.6978
1dqe,BOMBYX MORI PHEROMONE BINDING PROTEIN,2377,1,40154.48,0.7024,186,0.7024
1dqx,CRYSTAL STRUCTURE OF OROTIDINE 5'-PHOSPHATE DECARBOXYLASE COMPLEXED TO 6-HYDROXYURIDINE 5'-PHOSPHATE (BMP),8825,1,155605.22,0.6859,784,0.6859
1dqz,CRYSTAL STRUCTURE OF ANTIGEN 85C FROM MYCOBACTERIUM TUBERCULOSIS,4943,2,57519.7,0.7005,257,0.6962
1drh,"ISOMORPHOUS CRYSTAL STRUCTURES OF ESCHERICHIA COLI DIHYDROFOLATE REDUCTASE COMPLEXED WITH FOLATE, 5-DEAZAFOLATE AND 5,10- DIDEAZATETRAHYDROFOLATE: MECHANISTIC IMPLICATIONS",1354,1,29439.7,0.6749,166,0.6749
1dte,THE STRUCTURAL ORIGINS OF INTERFACIAL ACTIVATION IN THERMOMYCES (HUMICOLA) LANUGINOSA LIPASE,4428,1,83604.66,0.6966,429,0.6966
1e3g,HUMAN ANDROGEN RECEPTOR LIGAND BINDING IN COMPLEX WITH THE LIGAND METRIBOLONE (R1881),2090,1,47797.59,0.6941,237,0.6941
1e5l,APO SACCHAROPINE REDUCTASE FROM MAGNAPORTHE GRISEA,7055,1,143000.02,0.695,738,0.695
1e5o,ENDOTHIAPEPSIN COMPLEX WITH INHIBITOR DB2,2610,1,41436.14,0.7137,207,0.7137
1e5q,"TERNARY COMPLEX OF SACCHAROPINE REDUCTASE FROM MAGNAPORTHE GRISEA, NADPH AND SACCHAROPINE",30573,1,550399.64,0.6961,2807,0.6961
1e6k,TWO-COMPONENT SIGNAL TRANSDUCTION SYSTEM D12A MUTANT OF CHEY,1037,1,19703.25,0.695,90,0.695
1ecc,ESCHERICHIA COLI GLUTAMINE PHOSPHORIBOSYLPYROPHOSPHATE (PRPP) AMIDOTRANSFERASE COMPLEXED WITH MN-CPRPP AND 5-OXO-NORLEUCINE,8092,1,145297.55,0.6901,713,0.6901
1ecf,ESCHERICHIA COLI GLUTAMINE PHOSPHORIBOSYLPYROPHOSPHATE (PRPP) AMIDOTRANSFERASE,8860,2,3746.67,0.6951,80,0.695
1ecg,DON INACTIVATED ESCHERICHIA COLI GLUTAMINE PHOSPHORIBOSYLPYROPHOSPHATE (PRPP) AMIDOTRANSFERASE,8873,2,5548.5,0.7137,80,0.7042
1eef,HEAT-LABILE ENTEROTOXIN B-PENTAMER COMPLEXED WITH BOUND LIGAND PEPG,9523,2,99257.48,0.707,417,0.6975
1efh,CRYSTAL STRUCTURE OF THE HUMAN HYDROXYSTEROID SULFOTRANSFERASE IN THE PRESENCE OF PAP,4842,1,94011.47,0.6917,457,0.6917
1el3,HUMAN ALDOSE REDUCTASE COMPLEXED WITH IDD384 INHIBITOR,2839,2,28583.3,0.7141,119,0.7018
1esw,X-RAY STRUCTURE OF ACARBOSE BOUND TO AMYLOMALTASE FROM THERMUS AQUATICUS. IMPLICATIONS FOR THE SYNTHESIS OF LARGE CYCLIC GLUCANS,4763,1,71253.42,0.6911,340,0.6911
1eta,THE X-RAY CRYSTAL STRUCTURE REFINEMENTS OF NORMAL HUMAN TRANSTHYRETIN AND THE AMYLOIDOGENIC VAL 30-->MET VARIANT TO 1.7 ANGSTROMS RESOLUTION,2228,1,38840.34,0.6908,191,0.6908
1etb,THE X-RAY CRYSTAL STRUCTURE REFINEMENTS OF NORMAL HUMAN TRANSTHYRETIN AND THE AMYLOIDOGENIC VAL 30-->MET VARIANT TO 1.7 ANGSTROMS RESOLUTION,2031,1,31655.39,0.7063,150,0.7063
1evy,CRYSTAL STRUCTURE OF LEISHMANIA MEXICANA GLYCEROL-3-PHOSPHATE DEHYDROGENASE,2942,1,57388.5,0.6906,324,0.6906
1eyn,STRUCTURE OF MURA LIGANDED WITH THE EXTRINSIC FLUORESCENCE PROBE ANS,3682,1,44391.8,0.7203,209,0.7203
1ezl,CRYSTAL STRUCTURE OF THE DISULPHIDE BOND-DEFICIENT AZURIN MUTANT C3A/C26A: HOW IMPORTANT IS THE S-S BOND FOR FOLDING AND STABILITY?,4267,2,54187.31,0.6998,266,0.6929
1f06,THREE DIMENSIONAL STRUCTURE OF THE TERNARY COMPLEX OF CORYNEBACTERIUM GLUTAMICUM DIAMINOPIMELATE DEHYDROGENASE NADPH-L-2-AMINO-6-METHYLENE- PIMELATE,5175,1,83593.69,0.6945,398,0.6945
1f47,THE BACTERIAL CELL-DIVISION PROTEIN ZIPA AND ITS INTERACTION WITH AN FTSZ FRAGMENT REVEALED BY X-RAY CRYSTALLOGRAPHY,1467,1,22625.16,0.6989,104,0.6989
1f8a,STRUCTURAL BASIS FOR THE PHOSPHOSERINE-PROLINE RECOGNITION BY GROUP IV WW DOMAINS,1446,1,21870.84,0.6832,98,0.6832
1fby,CRYSTAL STRUCTURE OF THE HUMAN RXR ALPHA LIGAND BINDING DOMAIN BOUND TO 9-CIS RETINOIC ACID,3625,1,79893.42,0.6893,422,0.6893
1fd4,HUMAN BETA-DEFENSIN 2,5615,1,76612.92,0.6937,371,0.6937
